{
  "Name": "lalaComp",
  "Version": "0.206",
  "Factory Info": {
    "Vendor": "SHANT DV",
    "URL": "www.sites.google.com/view/shantdv",
    "E-Mail": "",
    "Flags": {
      "Unicode": true,
      "Classes Discardable": false,
      "Component Non Discardable": false,
    },
  },
  "Classes": [
    {
      "CID": "ABCDEF019182FAEB6C61436F6C61436F",
      "Category": "Audio Module Class",
      "Name": "lalaComp",
      "Vendor": "SHANT DV",
      "Version": "0.206",
      "SDKVersion": "VST 3.7.11",
      "Sub Categories": [
        "Fx",
        "Dynamics",
      ],
      "Class Flags": 0,
      "Cardinality": 2147483647,
      "Snapshots": [
      ],
    },
    {
      "CID": "ABCDEF011234ABCD6C61436F6C61436F",
      "Category": "Component Controller Class",
      "Name": "lalaComp",
      "Vendor": "SHANT DV",
      "Version": "0.206",
      "SDKVersion": "VST 3.7.11",
      "Sub Categories": [
        "Fx",
        "Dynamics",
      ],
      "Class Flags": 0,
      "Cardinality": 2147483647,
      "Snapshots": [
      ],
    },
    {
      "CID": "ABCDEF01C0DEF00D6C61436F6C61436F",
      "Category": "Plugin Compatibility Class",
      "Name": "lalaComp",
      "Vendor": "SHANT DV",
      "Version": "0.206",
      "SDKVersion": "VST 3.7.11",
      "Class Flags": 0,
      "Cardinality": 2147483647,
      "Snapshots": [
      ],
    },
  ],
}