{
  "Name": "BitMeter",
  "Version": "0.004",
  "Factory Info": {
    "Vendor": "SHANT DV",
    "URL": "www.SHANTDV.com",
    "E-Mail": "",
    "Flags": {
      "Unicode": true,
      "Classes Discardable": false,
      "Component Non Discardable": false,
    },
  },
  "Classes": [
    {
      "CID": "ABCDEF019182FAEB4D616E75466F3770",
      "Category": "Audio Module Class",
      "Name": "BitMeter",
      "Vendor": "SHANT DV",
      "Version": "0.004",
      "SDKVersion": "VST 3.7.11",
      "Sub Categories": [
        "Fx",
        "Analyzer",
      ],
      "Class Flags": 0,
      "Cardinality": 2147483647,
      "Snapshots": [
      ],
    },
    {
      "CID": "ABCDEF011234ABCD4D616E75466F3770",
      "Category": "Component Controller Class",
      "Name": "BitMeter",
      "Vendor": "SHANT DV",
      "Version": "0.004",
      "SDKVersion": "VST 3.7.11",
      "Sub Categories": [
        "Fx",
        "Analyzer",
      ],
      "Class Flags": 0,
      "Cardinality": 2147483647,
      "Snapshots": [
      ],
    },
    {
      "CID": "ABCDEF01C0DEF00D4D616E75466F3770",
      "Category": "Plugin Compatibility Class",
      "Name": "BitMeter",
      "Vendor": "SHANT DV",
      "Version": "0.004",
      "SDKVersion": "VST 3.7.11",
      "Class Flags": 0,
      "Cardinality": 2147483647,
      "Snapshots": [
      ],
    },
  ],
}